{
    "accuracy": 0.78708303761533,
    "precision": 0.6504065040650406,
    "recall": 0.42780748663101603,
    "f1_score": 0.5161290322580646
}